{
  "version": 1,
  "author": "FARID FADLU RAHMAN 230103280",
  "editor": "wokwi",
  "parts": [
    { "type": "board-esp32-devkit-c-v4", "id": "esp", "top": 76.8, "left": 177.64, "attrs": {} },
    {
      "type": "wokwi-photoresistor-sensor",
      "id": "ldr1",
      "top": 156.8,
      "left": -191.2,
      "attrs": {}
    },
    {
      "type": "wokwi-led",
      "id": "led1",
      "top": 130.8,
      "left": 493.4,
      "attrs": { "color": "red" }
    },
    {
      "type": "wokwi-lcd1602",
      "id": "lcd1",
      "top": -166.4,
      "left": 15.2,
      "attrs": { "pins": "i2c" }
    }
  ],
  "connections": [
    [ "esp:TX", "$serialMonitor:RX", "", [] ],
    [ "esp:RX", "$serialMonitor:TX", "", [] ],
    [ "esp:5V", "ldr1:VCC", "red", [ "h-86.25", "v-105.6" ] ],
    [ "ldr1:GND", "esp:GND.1", "black", [ "h134.4", "v38" ] ],
    [ "led1:C", "esp:GND.2", "green", [ "v28.8", "h-172.4", "v-96" ] ],
    [ "led1:A", "esp:4", "green", [ "v67.2" ] ],
    [ "ldr1:DO", "esp:2", "green", [ "h96", "v124.2", "h240", "v-48" ] ],
    [ "esp:GND.2", "lcd1:GND", "black", [ "v-19.2", "h38.4", "v-76.8", "h-403.2", "v-153.6" ] ],
    [ "lcd1:VCC", "esp:5V", "red", [ "h-86.4", "v240.1", "h201.6", "v163.2", "h9.6" ] ],
    [ "lcd1:SDA", "esp:21", "green", [ "h-67.2", "v163.4", "h364.8", "v86.4" ] ],
    [ "lcd1:SCL", "esp:22", "green", [ "h-38.4", "v125.1", "h355.2", "v9.6" ] ]
  ],
  "dependencies": {}
}